-- MySQL dump 10.13  Distrib 5.7.31, for Win64 (x86_64)
--
-- Host: localhost    Database: automate
-- ------------------------------------------------------
-- Server version	5.7.31

/*!40101 SET @OLD_CHARACTER_SET_CLIENT=@@CHARACTER_SET_CLIENT */;
/*!40101 SET @OLD_CHARACTER_SET_RESULTS=@@CHARACTER_SET_RESULTS */;
/*!40101 SET @OLD_COLLATION_CONNECTION=@@COLLATION_CONNECTION */;
/*!40101 SET NAMES utf8 */;
/*!40103 SET @OLD_TIME_ZONE=@@TIME_ZONE */;
/*!40103 SET TIME_ZONE='+00:00' */;
/*!40014 SET @OLD_UNIQUE_CHECKS=@@UNIQUE_CHECKS, UNIQUE_CHECKS=0 */;
/*!40014 SET @OLD_FOREIGN_KEY_CHECKS=@@FOREIGN_KEY_CHECKS, FOREIGN_KEY_CHECKS=0 */;
/*!40101 SET @OLD_SQL_MODE=@@SQL_MODE, SQL_MODE='NO_AUTO_VALUE_ON_ZERO' */;
/*!40111 SET @OLD_SQL_NOTES=@@SQL_NOTES, SQL_NOTES=0 */;

--
-- Current Database: `automate`
--

CREATE DATABASE /*!32312 IF NOT EXISTS*/ `automate` /*!40100 DEFAULT CHARACTER SET utf8 */;

USE `automate`;

--
-- Table structure for table `afpa_anomalies`
--

DROP TABLE IF EXISTS `afpa_anomalies`;
/*!40101 SET @saved_cs_client     = @@character_set_client */;
/*!40101 SET character_set_client = utf8 */;
CREATE TABLE `afpa_anomalies` (
  `IdAnomalie` int(11) NOT NULL AUTO_INCREMENT,
  `DateAnomalie` datetime DEFAULT NULL,
  `TypeAnomalie` varchar(50) DEFAULT NULL,
  `NbDeclasses` int(11) DEFAULT NULL,
  `IdErreur` int(11) NOT NULL,
  PRIMARY KEY (`IdAnomalie`),
  KEY `Afpa_Anomalies_Afpa_Erreurs` (`IdErreur`),
  CONSTRAINT `Afpa_Anomalies_Afpa_Erreurs` FOREIGN KEY (`IdErreur`) REFERENCES `afpa_erreurs` (`IdErreur`)
) ENGINE=InnoDB AUTO_INCREMENT=41 DEFAULT CHARSET=utf8;
/*!40101 SET character_set_client = @saved_cs_client */;

--
-- Dumping data for table `afpa_anomalies`
--

LOCK TABLES `afpa_anomalies` WRITE;
/*!40000 ALTER TABLE `afpa_anomalies` DISABLE KEYS */;
INSERT INTO `afpa_anomalies` VALUES (1,'2022-02-01 14:20:30','Lumière ',10,3),(2,'2022-02-01 14:21:52','Son',10,2),(3,'2022-02-07 10:19:37','lumiere',1,3),(4,'2022-02-07 10:19:41','lumiere',88,3),(5,'2022-02-07 10:20:18','son',0,2),(6,'2022-02-07 10:20:18','lumiere',0,3),(7,'2022-02-07 11:08:26','lumiere',56,3),(8,'2022-02-07 11:08:29','lumiere',28,3),(9,'2022-02-07 11:08:38','lumiere',43,3),(10,'2022-02-07 11:08:41','son',0,2),(11,'2022-02-07 11:09:37','son',0,2),(12,'2022-02-07 11:09:37','lumiere',0,3),(13,'2022-02-07 11:13:34','son',0,2),(14,'2022-02-07 11:13:34','lumiere',0,3),(15,'2022-02-07 11:16:19','lumiere',83,3),(16,'2022-02-07 11:16:23','son',0,2),(17,'2022-02-07 11:16:23','lumiere',0,3),(18,'2022-02-07 11:18:35','lumiere',49,3),(19,'2022-02-07 11:18:38','son',0,2),(20,'2022-02-07 11:18:38','lumiere',0,3),(21,'2022-02-07 11:20:31','lumiere',41,3),(22,'2022-02-07 11:20:38','son',0,2),(23,'2022-02-07 11:20:53','lumiere',42,3),(24,'2022-02-07 11:20:56','son',0,2),(25,'2022-02-07 11:20:56','lumiere',31,3),(26,'2022-02-07 11:21:22','son',0,2),(27,'2022-02-07 11:21:22','lumiere',124,3),(28,'2022-02-07 11:21:31','lumiere',21,1),(29,'2022-02-07 11:21:34','lumiere',62,1),(30,'2022-02-07 12:04:39','lumiere',24,1),(31,'2022-02-07 12:04:45','lumiere',26,1),(32,'2022-02-07 12:04:48','lumiere',64,1),(33,'2022-02-07 12:04:51','son',0,2),(34,'2022-02-07 12:04:54','lumiere',0,1),(35,'2022-02-07 12:04:57','lumiere',0,1),(36,'2022-02-07 12:05:00','lumiere',0,3),(37,'2022-02-07 12:05:07','lumiere',0,1),(38,'2022-02-07 12:05:10','lumiere',0,1),(39,'2022-02-11 08:12:54','lumiere',129,3),(40,'2022-02-11 08:13:28','son',0,2);
/*!40000 ALTER TABLE `afpa_anomalies` ENABLE KEYS */;
UNLOCK TABLES;

--
-- Table structure for table `afpa_cadences`
--

DROP TABLE IF EXISTS `afpa_cadences`;
/*!40101 SET @saved_cs_client     = @@character_set_client */;
/*!40101 SET character_set_client = utf8 */;
CREATE TABLE `afpa_cadences` (
  `IdCadence` int(11) NOT NULL AUTO_INCREMENT,
  `NbProduit` int(11) DEFAULT NULL,
  `DateCadence` datetime DEFAULT NULL,
  PRIMARY KEY (`IdCadence`)
) ENGINE=InnoDB AUTO_INCREMENT=106 DEFAULT CHARSET=utf8;
/*!40101 SET character_set_client = @saved_cs_client */;

--
-- Dumping data for table `afpa_cadences`
--

LOCK TABLES `afpa_cadences` WRITE;
/*!40000 ALTER TABLE `afpa_cadences` DISABLE KEYS */;
INSERT INTO `afpa_cadences` VALUES (1,100,'2022-02-01 14:20:30'),(2,150,'2022-02-01 14:22:30'),(3,0,'2022-02-07 09:53:15'),(4,0,'2022-02-07 09:53:21'),(5,0,'2022-02-07 09:53:27'),(6,0,'2022-02-07 09:55:04'),(7,0,'2022-02-07 09:55:10'),(8,0,'2022-02-07 09:55:37'),(9,0,'2022-02-07 09:55:44'),(10,234,'2022-02-07 09:56:43'),(11,0,'2022-02-07 09:56:43'),(12,0,'2022-02-07 09:56:49'),(13,102,'2022-02-07 09:57:22'),(14,183,'2022-02-07 09:57:28'),(15,232,'2022-02-07 09:57:34'),(16,105,'2022-02-07 10:19:00'),(17,265,'2022-02-07 10:19:06'),(18,247,'2022-02-07 10:19:13'),(19,140,'2022-02-07 10:19:19'),(20,271,'2022-02-07 10:19:25'),(21,170,'2022-02-07 10:19:31'),(22,102,'2022-02-07 10:19:37'),(23,245,'2022-02-07 10:19:44'),(24,255,'2022-02-07 10:19:50'),(25,119,'2022-02-07 10:19:56'),(26,151,'2022-02-07 10:20:02'),(27,250,'2022-02-07 10:20:09'),(28,271,'2022-02-07 10:20:15'),(29,0,'2022-02-07 10:20:18'),(30,0,'2022-02-07 10:20:24'),(31,0,'2022-02-07 10:20:31'),(32,0,'2022-02-07 10:20:37'),(33,120,'2022-02-07 11:08:26'),(34,191,'2022-02-07 11:08:32'),(35,190,'2022-02-07 11:08:38'),(36,0,'2022-02-07 11:08:41'),(37,0,'2022-02-07 11:08:47'),(38,0,'2022-02-07 11:08:54'),(39,0,'2022-02-07 11:09:00'),(40,0,'2022-02-07 11:09:06'),(41,0,'2022-02-07 11:09:37'),(42,0,'2022-02-07 11:09:43'),(43,0,'2022-02-07 11:09:49'),(44,0,'2022-02-07 11:09:55'),(45,0,'2022-02-07 11:10:02'),(46,0,'2022-02-07 11:10:08'),(47,0,'2022-02-07 11:10:14'),(48,0,'2022-02-07 11:10:20'),(49,0,'2022-02-07 11:13:34'),(50,0,'2022-02-07 11:13:41'),(51,0,'2022-02-07 11:13:47'),(52,0,'2022-02-07 11:13:53'),(53,0,'2022-02-07 11:13:59'),(54,0,'2022-02-07 11:14:05'),(55,0,'2022-02-07 11:14:11'),(56,0,'2022-02-07 11:14:18'),(57,0,'2022-02-07 11:14:24'),(58,0,'2022-02-07 11:14:30'),(59,0,'2022-02-07 11:14:36'),(60,0,'2022-02-07 11:14:43'),(61,0,'2022-02-07 11:14:49'),(62,0,'2022-02-07 11:14:55'),(63,0,'2022-02-07 11:15:01'),(64,197,'2022-02-07 11:16:19'),(65,0,'2022-02-07 11:16:23'),(66,0,'2022-02-07 11:16:29'),(67,155,'2022-02-07 11:18:35'),(68,0,'2022-02-07 11:18:38'),(69,0,'2022-02-07 11:18:45'),(70,0,'2022-02-07 11:18:51'),(71,210,'2022-02-07 11:20:34'),(72,0,'2022-02-07 11:20:38'),(73,125,'2022-02-07 11:20:44'),(74,217,'2022-02-07 11:20:50'),(75,188,'2022-02-07 11:20:56'),(76,0,'2022-02-07 11:20:56'),(77,279,'2022-02-07 11:21:22'),(78,0,'2022-02-07 11:21:22'),(79,0,'2022-02-07 11:21:28'),(80,260,'2022-02-07 11:21:34'),(81,124,'2022-02-07 11:21:41'),(82,260,'2022-02-07 12:04:36'),(83,159,'2022-02-07 12:04:42'),(84,163,'2022-02-07 12:04:48'),(85,0,'2022-02-07 12:04:51'),(86,0,'2022-02-07 12:04:57'),(87,0,'2022-02-07 12:05:03'),(88,0,'2022-02-07 12:05:10'),(89,269,'2022-02-11 08:12:47'),(90,283,'2022-02-11 08:12:54'),(91,126,'2022-02-11 08:13:00'),(92,257,'2022-02-11 08:13:06'),(93,217,'2022-02-11 08:13:13'),(94,0,'2022-02-11 08:13:28'),(95,0,'2022-02-11 08:13:34'),(96,0,'2022-02-11 08:13:40'),(97,0,'2022-02-11 08:13:46'),(98,0,'2022-02-11 08:13:53'),(99,0,'2022-02-11 08:13:59'),(100,0,'2022-02-11 08:14:05'),(101,0,'2022-02-11 08:14:11'),(102,0,'2022-02-11 08:14:17'),(103,0,'2022-02-11 08:14:23'),(104,299,'2022-02-11 08:14:30'),(105,238,'2022-02-11 08:14:36');
/*!40000 ALTER TABLE `afpa_cadences` ENABLE KEYS */;
UNLOCK TABLES;

--
-- Table structure for table `afpa_couleurs`
--

DROP TABLE IF EXISTS `afpa_couleurs`;
/*!40101 SET @saved_cs_client     = @@character_set_client */;
/*!40101 SET character_set_client = utf8 */;
CREATE TABLE `afpa_couleurs` (
  `IdCouleur` int(11) NOT NULL AUTO_INCREMENT,
  `Red` int(11) DEFAULT NULL,
  `Green` int(11) DEFAULT NULL,
  `Blue` int(11) DEFAULT NULL,
  PRIMARY KEY (`IdCouleur`)
) ENGINE=InnoDB AUTO_INCREMENT=4 DEFAULT CHARSET=utf8;
/*!40101 SET character_set_client = @saved_cs_client */;

--
-- Dumping data for table `afpa_couleurs`
--

LOCK TABLES `afpa_couleurs` WRITE;
/*!40000 ALTER TABLE `afpa_couleurs` DISABLE KEYS */;
INSERT INTO `afpa_couleurs` VALUES (1,198,8,0),(2,158,253,56),(3,254,27,0);
/*!40000 ALTER TABLE `afpa_couleurs` ENABLE KEYS */;
UNLOCK TABLES;

--
-- Table structure for table `afpa_erreurs`
--

DROP TABLE IF EXISTS `afpa_erreurs`;
/*!40101 SET @saved_cs_client     = @@character_set_client */;
/*!40101 SET character_set_client = utf8 */;
CREATE TABLE `afpa_erreurs` (
  `IdErreur` int(11) NOT NULL AUTO_INCREMENT,
  `MessageErreur` text,
  PRIMARY KEY (`IdErreur`)
) ENGINE=InnoDB AUTO_INCREMENT=13 DEFAULT CHARSET=utf8;
/*!40101 SET character_set_client = @saved_cs_client */;

--
-- Dumping data for table `afpa_erreurs`
--

LOCK TABLES `afpa_erreurs` WRITE;
/*!40000 ALTER TABLE `afpa_erreurs` DISABLE KEYS */;
INSERT INTO `afpa_erreurs` VALUES (1,'Luminosité trop basse '),(2,'Son trop haut '),(3,'Luminosité trop faible'),(4,'Son trop bas'),(5,'Température trop élevé. '),(6,'Température trop basse. '),(7,'Son ne fonctionne pas '),(8,'Lumière ne fonctionne pas '),(9,'Température ne fonctionne pas '),(10,'Lumière saccadée '),(11,'Son grésillement '),(12,'Température Instable');
/*!40000 ALTER TABLE `afpa_erreurs` ENABLE KEYS */;
UNLOCK TABLES;

--
-- Table structure for table `afpa_lumieres`
--

DROP TABLE IF EXISTS `afpa_lumieres`;
/*!40101 SET @saved_cs_client     = @@character_set_client */;
/*!40101 SET character_set_client = utf8 */;
CREATE TABLE `afpa_lumieres` (
  `IdLumiere` int(11) NOT NULL AUTO_INCREMENT,
  `ValeurLumiere` float DEFAULT NULL,
  `DateLumiere` datetime DEFAULT NULL,
  PRIMARY KEY (`IdLumiere`)
) ENGINE=InnoDB AUTO_INCREMENT=279 DEFAULT CHARSET=utf8;
/*!40101 SET character_set_client = @saved_cs_client */;

--
-- Dumping data for table `afpa_lumieres`
--

LOCK TABLES `afpa_lumieres` WRITE;
/*!40000 ALTER TABLE `afpa_lumieres` DISABLE KEYS */;
INSERT INTO `afpa_lumieres` VALUES (32,10.3,'2022-02-02 16:38:14'),(33,11.6,'2022-02-02 16:38:17'),(34,10.9,'2022-02-02 16:38:20'),(35,10.4,'2022-02-02 16:38:23'),(36,9.4,'2022-02-02 16:38:26'),(37,7.6,'2022-02-02 16:38:29'),(38,11.2,'2022-02-02 16:38:32'),(39,7.3,'2022-02-02 16:38:35'),(40,10.8,'2022-02-02 16:38:38'),(41,12,'2022-02-02 16:38:41'),(42,12.7,'2022-02-02 16:38:44'),(43,8.3,'2022-02-02 16:38:47'),(44,8.2,'2022-02-02 16:38:50'),(45,12.2,'2022-02-02 16:38:53'),(46,10.6,'2022-02-02 16:38:56'),(47,12,'2022-02-02 16:39:00'),(48,8.3,'2022-02-02 16:39:03'),(49,10.1,'2022-02-02 16:39:06'),(50,15.7,'2022-02-02 16:39:09'),(51,15,'2022-02-02 16:39:12'),(52,11.9,'2022-02-02 16:38:14'),(53,10,'2022-02-02 16:38:17'),(54,7.4,'2022-02-02 16:38:20'),(55,8.3,'2022-02-02 16:38:23'),(56,9.5,'2022-02-02 16:38:26'),(57,10.2,'2022-02-02 16:38:29'),(58,9.4,'2022-02-02 16:38:32'),(59,9.2,'2022-02-02 16:38:35'),(60,15.1,'2022-02-02 16:38:38'),(61,9.8,'2022-02-02 16:38:41'),(62,12.7,'2022-02-02 16:38:44'),(63,13.4,'2022-02-02 16:38:47'),(64,10.7,'2022-02-02 16:38:50'),(65,8.3,'2022-02-02 16:38:53'),(66,7.1,'2022-02-02 16:38:56'),(67,11.5,'2022-02-02 16:39:00'),(68,2.1,'2022-02-02 16:39:03'),(69,1.9,'2022-02-02 16:39:06'),(70,11.4,'2022-02-02 16:39:09'),(71,2,'2022-02-02 16:39:12'),(72,15.6,'2022-02-02 16:57:55'),(73,9.2,'2022-02-02 16:57:58'),(74,10.7,'2022-02-02 16:58:01'),(75,12.1,'2022-02-02 16:58:04'),(76,14.2,'2022-02-02 16:58:07'),(77,6.8,'2022-02-02 17:00:41'),(78,6.4,'2022-02-02 17:00:44'),(79,7.4,'2022-02-02 17:00:47'),(80,6.5,'2022-02-02 17:00:50'),(81,11.6,'2022-02-02 17:00:53'),(82,12.4,'2022-02-02 17:00:41'),(83,10.4,'2022-02-02 17:00:44'),(84,16.4,'2022-02-02 17:00:47'),(85,11.9,'2022-02-02 17:00:50'),(86,16.5,'2022-02-02 17:00:53'),(87,5.7,'2022-02-02 17:02:25'),(88,6.4,'2022-02-02 17:02:28'),(89,4.6,'2022-02-02 17:02:31'),(90,6.7,'2022-02-02 17:02:35'),(91,11.4,'2022-02-02 17:02:38'),(92,9.7,'2022-02-02 17:03:05'),(93,10.2,'2022-02-02 17:03:08'),(94,14,'2022-02-02 17:03:05'),(95,15.7,'2022-02-02 17:03:08'),(96,9,'2022-02-02 17:03:33'),(97,13.6,'2022-02-02 17:03:36'),(98,13.6,'2022-02-02 17:03:33'),(99,12.6,'2022-02-02 17:03:36'),(100,5.1,'2022-02-02 17:12:53'),(101,6.2,'2022-02-02 17:12:57'),(102,6.8,'2022-02-02 17:12:53'),(103,8.5,'2022-02-02 17:12:57'),(104,2,'2022-02-02 17:12:53'),(105,2.9,'2022-02-02 17:12:57'),(106,8.6,'2022-02-02 17:17:40'),(107,11.6,'2022-02-02 17:17:44'),(108,12.7,'2022-02-02 17:17:40'),(109,11.9,'2022-02-02 17:17:44'),(110,12.6,'2022-02-02 17:17:40'),(111,18.3,'2022-02-02 17:17:44'),(112,20.6,'2022-02-07 10:18:57'),(113,20.5,'2022-02-07 10:19:00'),(114,21.8,'2022-02-07 10:19:03'),(115,22.8,'2022-02-07 10:19:06'),(116,20.6,'2022-02-07 10:19:10'),(117,23.4,'2022-02-07 10:19:13'),(118,16.7,'2022-02-07 10:19:16'),(119,23.3,'2022-02-07 10:19:19'),(120,16.2,'2022-02-07 10:19:22'),(121,23.5,'2022-02-07 10:19:25'),(122,21,'2022-02-07 10:19:28'),(123,16,'2022-02-07 10:19:31'),(124,23.1,'2022-02-07 10:19:34'),(125,1.6,'2022-02-07 10:19:37'),(126,1.6,'2022-02-07 10:19:41'),(127,15.7,'2022-02-07 10:19:44'),(128,20.8,'2022-02-07 10:19:47'),(129,20.8,'2022-02-07 10:19:50'),(130,20.9,'2022-02-07 10:19:53'),(131,15.5,'2022-02-07 10:19:56'),(132,18.9,'2022-02-07 10:19:59'),(133,21.4,'2022-02-07 10:20:02'),(134,22.4,'2022-02-07 10:20:05'),(135,23.3,'2022-02-07 10:20:09'),(136,21.6,'2022-02-07 10:20:12'),(137,22.1,'2022-02-07 10:20:15'),(138,2.4,'2022-02-07 10:20:18'),(139,0,'2022-02-07 10:20:21'),(140,0,'2022-02-07 10:20:24'),(141,0,'2022-02-07 10:20:27'),(142,0,'2022-02-07 10:20:31'),(143,0,'2022-02-07 10:20:34'),(144,0,'2022-02-07 10:20:37'),(145,31.9,'2022-02-07 11:08:23'),(146,2.3,'2022-02-07 11:08:26'),(147,2,'2022-02-07 11:08:29'),(148,24.7,'2022-02-07 11:08:32'),(149,14.6,'2022-02-07 11:08:35'),(150,3.6,'2022-02-07 11:08:38'),(151,13,'2022-02-07 11:08:41'),(152,0,'2022-02-07 11:08:44'),(153,0,'2022-02-07 11:08:47'),(154,0,'2022-02-07 11:08:51'),(155,0,'2022-02-07 11:08:54'),(156,0,'2022-02-07 11:08:57'),(157,0,'2022-02-07 11:09:00'),(158,0,'2022-02-07 11:09:03'),(159,0,'2022-02-07 11:09:06'),(160,4,'2022-02-07 11:09:37'),(161,0,'2022-02-07 11:09:40'),(162,0,'2022-02-07 11:09:43'),(163,0,'2022-02-07 11:09:46'),(164,0,'2022-02-07 11:09:49'),(165,0,'2022-02-07 11:09:52'),(166,0,'2022-02-07 11:09:55'),(167,0,'2022-02-07 11:09:58'),(168,0,'2022-02-07 11:10:02'),(169,0,'2022-02-07 11:10:05'),(170,0,'2022-02-07 11:10:08'),(171,0,'2022-02-07 11:10:11'),(172,0,'2022-02-07 11:10:14'),(173,0,'2022-02-07 11:10:17'),(174,0,'2022-02-07 11:10:20'),(175,7.1,'2022-02-07 11:13:34'),(176,0,'2022-02-07 11:13:37'),(177,0,'2022-02-07 11:13:41'),(178,0,'2022-02-07 11:13:44'),(179,0,'2022-02-07 11:13:47'),(180,0,'2022-02-07 11:13:50'),(181,0,'2022-02-07 11:13:53'),(182,0,'2022-02-07 11:13:56'),(183,0,'2022-02-07 11:13:59'),(184,0,'2022-02-07 11:14:02'),(185,0,'2022-02-07 11:14:05'),(186,0,'2022-02-07 11:14:08'),(187,0,'2022-02-07 11:14:11'),(188,0,'2022-02-07 11:14:15'),(189,0,'2022-02-07 11:14:18'),(190,0,'2022-02-07 11:14:21'),(191,0,'2022-02-07 11:14:24'),(192,0,'2022-02-07 11:14:27'),(193,0,'2022-02-07 11:14:30'),(194,0,'2022-02-07 11:14:33'),(195,0,'2022-02-07 11:14:36'),(196,0,'2022-02-07 11:14:40'),(197,0,'2022-02-07 11:14:43'),(198,0,'2022-02-07 11:14:46'),(199,0,'2022-02-07 11:14:49'),(200,0,'2022-02-07 11:14:52'),(201,0,'2022-02-07 11:14:55'),(202,0,'2022-02-07 11:14:58'),(203,0,'2022-02-07 11:15:01'),(204,27,'2022-02-07 11:16:16'),(205,3,'2022-02-07 11:16:19'),(206,3.3,'2022-02-07 11:16:23'),(207,0,'2022-02-07 11:16:26'),(208,0,'2022-02-07 11:16:29'),(209,16.7,'2022-02-07 11:18:32'),(210,3.5,'2022-02-07 11:18:35'),(211,4.3,'2022-02-07 11:18:38'),(212,0,'2022-02-07 11:18:42'),(213,0,'2022-02-07 11:18:45'),(214,0,'2022-02-07 11:18:48'),(215,0,'2022-02-07 11:18:51'),(216,2.5,'2022-02-07 11:20:31'),(217,21.8,'2022-02-07 11:20:34'),(218,11.1,'2022-02-07 11:20:38'),(219,21.1,'2022-02-07 11:20:41'),(220,25,'2022-02-07 11:20:44'),(221,18,'2022-02-07 11:20:47'),(222,26.5,'2022-02-07 11:20:50'),(223,4.2,'2022-02-07 11:20:53'),(224,4.6,'2022-02-07 11:20:56'),(225,25.3,'2022-02-07 11:21:19'),(226,3.8,'2022-02-07 11:21:22'),(227,0,'2022-02-07 11:21:25'),(228,0,'2022-02-07 11:21:28'),(229,0,'2022-02-07 11:21:31'),(230,36.4,'2022-02-07 11:21:34'),(231,31,'2022-02-07 11:21:37'),(232,28.7,'2022-02-07 11:21:41'),(233,32.2,'2022-02-07 12:04:33'),(234,34.7,'2022-02-07 12:04:36'),(235,35.5,'2022-02-07 12:04:39'),(236,30.9,'2022-02-07 12:04:42'),(237,41.9,'2022-02-07 12:04:45'),(238,37,'2022-02-07 12:04:48'),(239,21.1,'2022-02-07 12:04:51'),(240,0,'2022-02-07 12:04:54'),(241,0,'2022-02-07 12:04:57'),(242,0,'2022-02-07 12:05:00'),(243,0,'2022-02-07 12:05:03'),(244,0,'2022-02-07 12:05:07'),(245,0,'2022-02-07 12:05:10'),(246,20.6,'2022-02-11 08:12:44'),(247,24.6,'2022-02-11 08:12:47'),(248,21.8,'2022-02-11 08:12:51'),(249,2,'2022-02-11 08:12:54'),(250,26.1,'2022-02-11 08:12:57'),(251,26.5,'2022-02-11 08:13:00'),(252,25.8,'2022-02-11 08:13:03'),(253,19.6,'2022-02-11 08:13:06'),(254,17,'2022-02-11 08:13:09'),(255,24.2,'2022-02-11 08:13:13'),(256,15,'2022-02-11 08:13:28'),(257,0,'2022-02-11 08:13:31'),(258,0,'2022-02-11 08:13:34'),(259,0,'2022-02-11 08:13:37'),(260,0,'2022-02-11 08:13:40'),(261,0,'2022-02-11 08:13:43'),(262,0,'2022-02-11 08:13:46'),(263,0,'2022-02-11 08:13:49'),(264,0,'2022-02-11 08:13:53'),(265,0,'2022-02-11 08:13:56'),(266,0,'2022-02-11 08:13:59'),(267,0,'2022-02-11 08:14:02'),(268,0,'2022-02-11 08:14:05'),(269,0,'2022-02-11 08:14:08'),(270,0,'2022-02-11 08:14:11'),(271,0,'2022-02-11 08:14:14'),(272,0,'2022-02-11 08:14:17'),(273,0,'2022-02-11 08:14:20'),(274,0,'2022-02-11 08:14:23'),(275,0,'2022-02-11 08:14:27'),(276,18.4,'2022-02-11 08:14:30'),(277,16.8,'2022-02-11 08:14:33'),(278,16.6,'2022-02-11 08:14:36');
/*!40000 ALTER TABLE `afpa_lumieres` ENABLE KEYS */;
UNLOCK TABLES;

--
-- Table structure for table `afpa_objectifs`
--

DROP TABLE IF EXISTS `afpa_objectifs`;
/*!40101 SET @saved_cs_client     = @@character_set_client */;
/*!40101 SET character_set_client = utf8 */;
CREATE TABLE `afpa_objectifs` (
  `IdObjectif` int(11) NOT NULL AUTO_INCREMENT,
  `Rendement` int(11) DEFAULT NULL,
  `MaxNombreArretTemperature` int(11) DEFAULT NULL,
  `MaxNombreArretDecibel` int(11) DEFAULT NULL,
  `MaxPourcentDeclasses` int(11) DEFAULT NULL,
  PRIMARY KEY (`IdObjectif`)
) ENGINE=InnoDB AUTO_INCREMENT=3 DEFAULT CHARSET=utf8;
/*!40101 SET character_set_client = @saved_cs_client */;

--
-- Dumping data for table `afpa_objectifs`
--

LOCK TABLES `afpa_objectifs` WRITE;
/*!40000 ALTER TABLE `afpa_objectifs` DISABLE KEYS */;
INSERT INTO `afpa_objectifs` VALUES (1,100,4,5,60),(2,200,5,4,70);
/*!40000 ALTER TABLE `afpa_objectifs` ENABLE KEYS */;
UNLOCK TABLES;

--
-- Table structure for table `afpa_seuils`
--

DROP TABLE IF EXISTS `afpa_seuils`;
/*!40101 SET @saved_cs_client     = @@character_set_client */;
/*!40101 SET character_set_client = utf8 */;
CREATE TABLE `afpa_seuils` (
  `IdSeuil` int(11) NOT NULL AUTO_INCREMENT,
  `SeuilBas` float DEFAULT NULL,
  `SeuilHaut` float DEFAULT NULL,
  `DateSeuil` date DEFAULT NULL,
  `Temps` int(11) DEFAULT NULL,
  `Nature` int(11) DEFAULT NULL,
  PRIMARY KEY (`IdSeuil`)
) ENGINE=InnoDB AUTO_INCREMENT=4 DEFAULT CHARSET=utf8;
/*!40101 SET character_set_client = @saved_cs_client */;

--
-- Dumping data for table `afpa_seuils`
--

LOCK TABLES `afpa_seuils` WRITE;
/*!40000 ALTER TABLE `afpa_seuils` DISABLE KEYS */;
INSERT INTO `afpa_seuils` VALUES (1,10,35,'2022-02-01',1,3),(2,73,80,'2022-02-02',1,2),(3,21,26,'2022-02-25',1,1);
/*!40000 ALTER TABLE `afpa_seuils` ENABLE KEYS */;
UNLOCK TABLES;

--
-- Table structure for table `afpa_sons`
--

DROP TABLE IF EXISTS `afpa_sons`;
/*!40101 SET @saved_cs_client     = @@character_set_client */;
/*!40101 SET character_set_client = utf8 */;
CREATE TABLE `afpa_sons` (
  `IdSon` int(11) NOT NULL AUTO_INCREMENT,
  `ValeurSon` float DEFAULT NULL,
  `DateSon` datetime DEFAULT NULL,
  PRIMARY KEY (`IdSon`)
) ENGINE=InnoDB AUTO_INCREMENT=284 DEFAULT CHARSET=utf8;
/*!40101 SET character_set_client = @saved_cs_client */;

--
-- Dumping data for table `afpa_sons`
--

LOCK TABLES `afpa_sons` WRITE;
/*!40000 ALTER TABLE `afpa_sons` DISABLE KEYS */;
INSERT INTO `afpa_sons` VALUES (37,73.7,'2022-02-02 16:38:14'),(38,74.4,'2022-02-02 16:38:17'),(39,73.7,'2022-02-02 16:38:20'),(40,73.7,'2022-02-02 16:38:23'),(41,73.7,'2022-02-02 16:38:26'),(42,73.7,'2022-02-02 16:38:29'),(43,73.7,'2022-02-02 16:38:32'),(44,74.9,'2022-02-02 16:38:35'),(45,73.8,'2022-02-02 16:38:38'),(46,73.7,'2022-02-02 16:38:41'),(47,73.8,'2022-02-02 16:38:44'),(48,73.9,'2022-02-02 16:38:47'),(49,73.7,'2022-02-02 16:38:50'),(50,73.6,'2022-02-02 16:38:53'),(51,73.7,'2022-02-02 16:38:56'),(52,73.9,'2022-02-02 16:39:00'),(53,74.1,'2022-02-02 16:39:03'),(54,74,'2022-02-02 16:39:06'),(55,74,'2022-02-02 16:39:09'),(56,73.8,'2022-02-02 16:39:12'),(57,74,'2022-02-02 16:38:14'),(58,74.1,'2022-02-02 16:38:17'),(59,73.7,'2022-02-02 16:38:20'),(60,73.7,'2022-02-02 16:38:23'),(61,73.7,'2022-02-02 16:38:26'),(62,73.7,'2022-02-02 16:38:29'),(63,73.8,'2022-02-02 16:38:32'),(64,73.7,'2022-02-02 16:38:35'),(65,73.7,'2022-02-02 16:38:38'),(66,73.7,'2022-02-02 16:38:41'),(67,73.8,'2022-02-02 16:38:44'),(68,74.6,'2022-02-02 16:38:47'),(69,75.7,'2022-02-02 16:38:50'),(70,73.8,'2022-02-02 16:38:53'),(71,73.8,'2022-02-02 16:38:56'),(72,73.9,'2022-02-02 16:39:00'),(73,74,'2022-02-02 16:39:03'),(74,73.7,'2022-02-02 16:39:06'),(75,73.7,'2022-02-02 16:39:09'),(76,73.9,'2022-02-02 16:39:12'),(77,73.9,'2022-02-02 16:57:55'),(78,73.7,'2022-02-02 16:57:58'),(79,73.7,'2022-02-02 16:58:01'),(80,73.7,'2022-02-02 16:58:04'),(81,73.7,'2022-02-02 16:58:07'),(82,73.7,'2022-02-02 17:00:41'),(83,73.7,'2022-02-02 17:00:44'),(84,73.7,'2022-02-02 17:00:47'),(85,73.8,'2022-02-02 17:00:50'),(86,73.7,'2022-02-02 17:00:53'),(87,73.7,'2022-02-02 17:00:41'),(88,73.7,'2022-02-02 17:00:44'),(89,73.7,'2022-02-02 17:00:47'),(90,73.7,'2022-02-02 17:00:50'),(91,73.7,'2022-02-02 17:00:53'),(92,80.6,'2022-02-02 17:02:25'),(93,97.3,'2022-02-02 17:02:28'),(94,95.7,'2022-02-02 17:02:31'),(95,87.5,'2022-02-02 17:02:35'),(96,74.2,'2022-02-02 17:02:38'),(97,73.5,'2022-02-02 17:03:05'),(98,73.5,'2022-02-02 17:03:08'),(99,74.4,'2022-02-02 17:03:05'),(100,73.7,'2022-02-02 17:03:08'),(101,73.7,'2022-02-02 17:03:33'),(102,73.8,'2022-02-02 17:03:36'),(103,73.8,'2022-02-02 17:03:33'),(104,73.6,'2022-02-02 17:03:36'),(105,73.4,'2022-02-02 17:12:53'),(106,73.5,'2022-02-02 17:12:57'),(107,73.4,'2022-02-02 17:12:53'),(108,73.5,'2022-02-02 17:12:57'),(109,73.5,'2022-02-02 17:12:53'),(110,73.7,'2022-02-02 17:12:57'),(111,73.5,'2022-02-02 17:17:40'),(112,73.5,'2022-02-02 17:17:44'),(113,73.7,'2022-02-02 17:17:40'),(114,73.6,'2022-02-02 17:17:44'),(115,73.5,'2022-02-02 17:17:40'),(116,73.4,'2022-02-02 17:17:44'),(117,73.6,'2022-02-07 10:18:57'),(118,73.6,'2022-02-07 10:19:00'),(119,73.6,'2022-02-07 10:19:03'),(120,73.6,'2022-02-07 10:19:06'),(121,73.6,'2022-02-07 10:19:10'),(122,73.8,'2022-02-07 10:19:13'),(123,73.7,'2022-02-07 10:19:16'),(124,73.6,'2022-02-07 10:19:19'),(125,73.6,'2022-02-07 10:19:22'),(126,73.6,'2022-02-07 10:19:25'),(127,73.6,'2022-02-07 10:19:28'),(128,73.6,'2022-02-07 10:19:31'),(129,73.6,'2022-02-07 10:19:34'),(130,73.8,'2022-02-07 10:19:37'),(131,73.6,'2022-02-07 10:19:41'),(132,73.6,'2022-02-07 10:19:44'),(133,73.6,'2022-02-07 10:19:47'),(134,73.6,'2022-02-07 10:19:50'),(135,73.6,'2022-02-07 10:19:53'),(136,73.6,'2022-02-07 10:19:56'),(137,73.8,'2022-02-07 10:19:59'),(138,73.8,'2022-02-07 10:20:02'),(139,73.6,'2022-02-07 10:20:05'),(140,73.7,'2022-02-07 10:20:09'),(141,73.6,'2022-02-07 10:20:12'),(142,73.6,'2022-02-07 10:20:15'),(143,3276.7,'2022-02-07 10:20:18'),(144,0,'2022-02-07 10:20:21'),(145,0,'2022-02-07 10:20:24'),(146,0,'2022-02-07 10:20:27'),(147,0,'2022-02-07 10:20:31'),(148,0,'2022-02-07 10:20:34'),(149,0,'2022-02-07 10:20:37'),(150,73.6,'2022-02-07 11:08:23'),(151,73.6,'2022-02-07 11:08:26'),(152,73.6,'2022-02-07 11:08:29'),(153,73.6,'2022-02-07 11:08:32'),(154,79.3,'2022-02-07 11:08:35'),(155,79,'2022-02-07 11:08:38'),(156,90.5,'2022-02-07 11:08:41'),(157,0,'2022-02-07 11:08:44'),(158,0,'2022-02-07 11:08:47'),(159,0,'2022-02-07 11:08:51'),(160,0,'2022-02-07 11:08:54'),(161,0,'2022-02-07 11:08:57'),(162,0,'2022-02-07 11:09:00'),(163,0,'2022-02-07 11:09:03'),(164,0,'2022-02-07 11:09:06'),(165,93.5,'2022-02-07 11:09:37'),(166,0,'2022-02-07 11:09:40'),(167,0,'2022-02-07 11:09:43'),(168,0,'2022-02-07 11:09:46'),(169,0,'2022-02-07 11:09:49'),(170,0,'2022-02-07 11:09:52'),(171,0,'2022-02-07 11:09:55'),(172,0,'2022-02-07 11:09:58'),(173,0,'2022-02-07 11:10:02'),(174,0,'2022-02-07 11:10:05'),(175,0,'2022-02-07 11:10:08'),(176,0,'2022-02-07 11:10:11'),(177,0,'2022-02-07 11:10:14'),(178,0,'2022-02-07 11:10:17'),(179,0,'2022-02-07 11:10:20'),(180,95.3,'2022-02-07 11:13:34'),(181,0,'2022-02-07 11:13:37'),(182,0,'2022-02-07 11:13:41'),(183,0,'2022-02-07 11:13:44'),(184,0,'2022-02-07 11:13:47'),(185,0,'2022-02-07 11:13:50'),(186,0,'2022-02-07 11:13:53'),(187,0,'2022-02-07 11:13:56'),(188,0,'2022-02-07 11:13:59'),(189,0,'2022-02-07 11:14:02'),(190,0,'2022-02-07 11:14:05'),(191,0,'2022-02-07 11:14:08'),(192,0,'2022-02-07 11:14:11'),(193,0,'2022-02-07 11:14:15'),(194,0,'2022-02-07 11:14:18'),(195,0,'2022-02-07 11:14:21'),(196,0,'2022-02-07 11:14:24'),(197,0,'2022-02-07 11:14:27'),(198,0,'2022-02-07 11:14:30'),(199,0,'2022-02-07 11:14:33'),(200,0,'2022-02-07 11:14:36'),(201,0,'2022-02-07 11:14:40'),(202,0,'2022-02-07 11:14:43'),(203,0,'2022-02-07 11:14:46'),(204,0,'2022-02-07 11:14:49'),(205,0,'2022-02-07 11:14:52'),(206,0,'2022-02-07 11:14:55'),(207,0,'2022-02-07 11:14:58'),(208,0,'2022-02-07 11:15:01'),(209,73.6,'2022-02-07 11:16:16'),(210,73.6,'2022-02-07 11:16:19'),(211,92.4,'2022-02-07 11:16:23'),(212,0,'2022-02-07 11:16:26'),(213,0,'2022-02-07 11:16:29'),(214,73.6,'2022-02-07 11:18:32'),(215,73.6,'2022-02-07 11:18:35'),(216,89.6,'2022-02-07 11:18:38'),(217,0,'2022-02-07 11:18:42'),(218,0,'2022-02-07 11:18:45'),(219,0,'2022-02-07 11:18:48'),(220,0,'2022-02-07 11:18:51'),(221,73.6,'2022-02-07 11:20:31'),(222,73.6,'2022-02-07 11:20:34'),(223,98.3,'2022-02-07 11:20:38'),(224,73.6,'2022-02-07 11:20:41'),(225,73.6,'2022-02-07 11:20:44'),(226,73.5,'2022-02-07 11:20:47'),(227,73.6,'2022-02-07 11:20:50'),(228,73.5,'2022-02-07 11:20:53'),(229,94,'2022-02-07 11:20:56'),(230,73.5,'2022-02-07 11:21:19'),(231,3276.7,'2022-02-07 11:21:22'),(232,0,'2022-02-07 11:21:25'),(233,0,'2022-02-07 11:21:28'),(234,0,'2022-02-07 11:21:31'),(235,73.6,'2022-02-07 11:21:34'),(236,73.5,'2022-02-07 11:21:37'),(237,73.5,'2022-02-07 11:21:41'),(238,73.6,'2022-02-07 12:04:33'),(239,73.6,'2022-02-07 12:04:36'),(240,73.7,'2022-02-07 12:04:39'),(241,73.7,'2022-02-07 12:04:42'),(242,73.7,'2022-02-07 12:04:45'),(243,75.4,'2022-02-07 12:04:48'),(244,98.1,'2022-02-07 12:04:51'),(245,0,'2022-02-07 12:04:54'),(246,0,'2022-02-07 12:04:57'),(247,0,'2022-02-07 12:05:00'),(248,0,'2022-02-07 12:05:03'),(249,0,'2022-02-07 12:05:07'),(250,0,'2022-02-07 12:05:10'),(251,73.8,'2022-02-11 08:12:44'),(252,73.8,'2022-02-11 08:12:47'),(253,73.8,'2022-02-11 08:12:51'),(254,73.8,'2022-02-11 08:12:54'),(255,73.8,'2022-02-11 08:12:57'),(256,73.8,'2022-02-11 08:13:00'),(257,73.8,'2022-02-11 08:13:03'),(258,73.8,'2022-02-11 08:13:06'),(259,73.9,'2022-02-11 08:13:09'),(260,73.8,'2022-02-11 08:13:13'),(261,90.8,'2022-02-11 08:13:28'),(262,0,'2022-02-11 08:13:31'),(263,0,'2022-02-11 08:13:34'),(264,0,'2022-02-11 08:13:37'),(265,0,'2022-02-11 08:13:40'),(266,0,'2022-02-11 08:13:43'),(267,0,'2022-02-11 08:13:46'),(268,0,'2022-02-11 08:13:49'),(269,0,'2022-02-11 08:13:53'),(270,0,'2022-02-11 08:13:56'),(271,0,'2022-02-11 08:13:59'),(272,0,'2022-02-11 08:14:02'),(273,0,'2022-02-11 08:14:05'),(274,0,'2022-02-11 08:14:08'),(275,0,'2022-02-11 08:14:11'),(276,0,'2022-02-11 08:14:14'),(277,0,'2022-02-11 08:14:17'),(278,0,'2022-02-11 08:14:20'),(279,0,'2022-02-11 08:14:23'),(280,0,'2022-02-11 08:14:27'),(281,73.7,'2022-02-11 08:14:30'),(282,73.7,'2022-02-11 08:14:33'),(283,73.9,'2022-02-11 08:14:36');
/*!40000 ALTER TABLE `afpa_sons` ENABLE KEYS */;
UNLOCK TABLES;

--
-- Table structure for table `afpa_temperatures`
--

DROP TABLE IF EXISTS `afpa_temperatures`;
/*!40101 SET @saved_cs_client     = @@character_set_client */;
/*!40101 SET character_set_client = utf8 */;
CREATE TABLE `afpa_temperatures` (
  `IdTemperature` int(11) NOT NULL AUTO_INCREMENT,
  `ValeurTemperature` float DEFAULT NULL,
  `DateTemperature` datetime DEFAULT NULL,
  PRIMARY KEY (`IdTemperature`)
) ENGINE=InnoDB AUTO_INCREMENT=280 DEFAULT CHARSET=utf8;
/*!40101 SET character_set_client = @saved_cs_client */;

--
-- Dumping data for table `afpa_temperatures`
--

LOCK TABLES `afpa_temperatures` WRITE;
/*!40000 ALTER TABLE `afpa_temperatures` DISABLE KEYS */;
INSERT INTO `afpa_temperatures` VALUES (33,24.376,'2022-02-02 16:38:14'),(34,24.376,'2022-02-02 16:38:17'),(35,24.376,'2022-02-02 16:38:20'),(36,24.376,'2022-02-02 16:38:23'),(37,24.376,'2022-02-02 16:38:26'),(38,24.376,'2022-02-02 16:38:29'),(39,24.376,'2022-02-02 16:38:32'),(40,24.376,'2022-02-02 16:38:35'),(41,24.376,'2022-02-02 16:38:38'),(42,24.376,'2022-02-02 16:38:41'),(43,24.376,'2022-02-02 16:38:44'),(44,24.376,'2022-02-02 16:38:47'),(45,24.288,'2022-02-02 16:38:50'),(46,24.376,'2022-02-02 16:38:53'),(47,24.376,'2022-02-02 16:38:56'),(48,24.376,'2022-02-02 16:39:00'),(49,24.376,'2022-02-02 16:39:03'),(50,24.376,'2022-02-02 16:39:06'),(51,24.376,'2022-02-02 16:39:09'),(52,24.376,'2022-02-02 16:39:12'),(53,24.376,'2022-02-02 16:38:14'),(54,24.376,'2022-02-02 16:38:17'),(55,24.288,'2022-02-02 16:38:20'),(56,24.376,'2022-02-02 16:38:23'),(57,24.288,'2022-02-02 16:38:26'),(58,24.288,'2022-02-02 16:38:29'),(59,24.288,'2022-02-02 16:38:32'),(60,24.376,'2022-02-02 16:38:35'),(61,24.288,'2022-02-02 16:38:38'),(62,24.288,'2022-02-02 16:38:41'),(63,24.376,'2022-02-02 16:38:44'),(64,24.376,'2022-02-02 16:38:47'),(65,24.288,'2022-02-02 16:38:50'),(66,24.288,'2022-02-02 16:38:53'),(67,24.288,'2022-02-02 16:38:56'),(68,24.288,'2022-02-02 16:39:00'),(69,24.288,'2022-02-02 16:39:03'),(70,24.288,'2022-02-02 16:39:06'),(71,24.288,'2022-02-02 16:39:09'),(72,24.288,'2022-02-02 16:39:12'),(73,24.552,'2022-02-02 16:57:55'),(74,24.464,'2022-02-02 16:57:58'),(75,24.464,'2022-02-02 16:58:01'),(76,24.464,'2022-02-02 16:58:04'),(77,24.464,'2022-02-02 16:58:07'),(78,24.464,'2022-02-02 17:00:41'),(79,24.464,'2022-02-02 17:00:44'),(80,24.464,'2022-02-02 17:00:47'),(81,24.464,'2022-02-02 17:00:50'),(82,24.464,'2022-02-02 17:00:53'),(83,24.464,'2022-02-02 17:00:41'),(84,24.464,'2022-02-02 17:00:44'),(85,24.464,'2022-02-02 17:00:47'),(86,24.464,'2022-02-02 17:00:50'),(87,24.464,'2022-02-02 17:00:53'),(88,24.552,'2022-02-02 17:02:25'),(89,24.552,'2022-02-02 17:02:28'),(90,24.64,'2022-02-02 17:02:31'),(91,24.64,'2022-02-02 17:02:35'),(92,24.552,'2022-02-02 17:02:38'),(93,24.64,'2022-02-02 17:03:05'),(94,24.64,'2022-02-02 17:03:08'),(95,24.64,'2022-02-02 17:03:05'),(96,24.64,'2022-02-02 17:03:08'),(97,24.728,'2022-02-02 17:03:33'),(98,24.64,'2022-02-02 17:03:36'),(99,24.64,'2022-02-02 17:03:33'),(100,24.64,'2022-02-02 17:03:36'),(101,29.216,'2022-02-02 17:12:53'),(102,29.304,'2022-02-02 17:12:57'),(103,29.48,'2022-02-02 17:12:53'),(104,28.688,'2022-02-02 17:12:57'),(105,30.096,'2022-02-02 17:12:53'),(106,29.128,'2022-02-02 17:12:57'),(107,26.048,'2022-02-02 17:17:40'),(108,25.96,'2022-02-02 17:17:44'),(109,25.96,'2022-02-02 17:17:40'),(110,25.96,'2022-02-02 17:17:44'),(111,25.96,'2022-02-02 17:17:40'),(112,25.96,'2022-02-02 17:17:44'),(113,24.64,'2022-02-07 10:18:57'),(114,24.64,'2022-02-07 10:19:00'),(115,24.64,'2022-02-07 10:19:03'),(116,24.64,'2022-02-07 10:19:06'),(117,24.64,'2022-02-07 10:19:10'),(118,24.64,'2022-02-07 10:19:13'),(119,24.64,'2022-02-07 10:19:16'),(120,24.64,'2022-02-07 10:19:19'),(121,24.64,'2022-02-07 10:19:22'),(122,24.64,'2022-02-07 10:19:25'),(123,24.64,'2022-02-07 10:19:28'),(124,24.64,'2022-02-07 10:19:31'),(125,24.64,'2022-02-07 10:19:34'),(126,24.64,'2022-02-07 10:19:37'),(127,24.64,'2022-02-07 10:19:41'),(128,24.64,'2022-02-07 10:19:44'),(129,24.64,'2022-02-07 10:19:47'),(130,24.64,'2022-02-07 10:19:50'),(131,24.64,'2022-02-07 10:19:53'),(132,24.64,'2022-02-07 10:19:56'),(133,24.64,'2022-02-07 10:19:59'),(134,24.64,'2022-02-07 10:20:02'),(135,24.64,'2022-02-07 10:20:05'),(136,24.64,'2022-02-07 10:20:09'),(137,24.64,'2022-02-07 10:20:12'),(138,24.64,'2022-02-07 10:20:15'),(139,24.64,'2022-02-07 10:20:18'),(140,0,'2022-02-07 10:20:21'),(141,0,'2022-02-07 10:20:24'),(142,0,'2022-02-07 10:20:27'),(143,0,'2022-02-07 10:20:31'),(144,0,'2022-02-07 10:20:34'),(145,0,'2022-02-07 10:20:37'),(146,24.73,'2022-02-07 11:08:23'),(147,24.73,'2022-02-07 11:08:26'),(148,24.73,'2022-02-07 11:08:29'),(149,24.73,'2022-02-07 11:08:32'),(150,24.73,'2022-02-07 11:08:35'),(151,24.73,'2022-02-07 11:08:38'),(152,24.73,'2022-02-07 11:08:41'),(153,0,'2022-02-07 11:08:44'),(154,0,'2022-02-07 11:08:47'),(155,0,'2022-02-07 11:08:51'),(156,0,'2022-02-07 11:08:54'),(157,0,'2022-02-07 11:08:57'),(158,0,'2022-02-07 11:09:00'),(159,0,'2022-02-07 11:09:03'),(160,0,'2022-02-07 11:09:06'),(161,24.73,'2022-02-07 11:09:37'),(162,0,'2022-02-07 11:09:40'),(163,0,'2022-02-07 11:09:43'),(164,0,'2022-02-07 11:09:46'),(165,0,'2022-02-07 11:09:49'),(166,0,'2022-02-07 11:09:52'),(167,0,'2022-02-07 11:09:55'),(168,0,'2022-02-07 11:09:58'),(169,0,'2022-02-07 11:10:02'),(170,0,'2022-02-07 11:10:05'),(171,0,'2022-02-07 11:10:08'),(172,0,'2022-02-07 11:10:11'),(173,0,'2022-02-07 11:10:14'),(174,0,'2022-02-07 11:10:17'),(175,0,'2022-02-07 11:10:20'),(176,24.82,'2022-02-07 11:13:34'),(177,0,'2022-02-07 11:13:37'),(178,0,'2022-02-07 11:13:41'),(179,0,'2022-02-07 11:13:44'),(180,0,'2022-02-07 11:13:47'),(181,0,'2022-02-07 11:13:50'),(182,0,'2022-02-07 11:13:53'),(183,0,'2022-02-07 11:13:56'),(184,0,'2022-02-07 11:13:59'),(185,0,'2022-02-07 11:14:02'),(186,0,'2022-02-07 11:14:05'),(187,0,'2022-02-07 11:14:08'),(188,0,'2022-02-07 11:14:11'),(189,0,'2022-02-07 11:14:15'),(190,0,'2022-02-07 11:14:18'),(191,0,'2022-02-07 11:14:21'),(192,0,'2022-02-07 11:14:24'),(193,0,'2022-02-07 11:14:27'),(194,0,'2022-02-07 11:14:30'),(195,0,'2022-02-07 11:14:33'),(196,0,'2022-02-07 11:14:36'),(197,0,'2022-02-07 11:14:40'),(198,0,'2022-02-07 11:14:43'),(199,0,'2022-02-07 11:14:46'),(200,0,'2022-02-07 11:14:49'),(201,0,'2022-02-07 11:14:52'),(202,0,'2022-02-07 11:14:55'),(203,0,'2022-02-07 11:14:58'),(204,0,'2022-02-07 11:15:01'),(205,24.82,'2022-02-07 11:16:16'),(206,24.82,'2022-02-07 11:16:19'),(207,24.9,'2022-02-07 11:16:23'),(208,0,'2022-02-07 11:16:26'),(209,0,'2022-02-07 11:16:29'),(210,24.9,'2022-02-07 11:18:32'),(211,24.9,'2022-02-07 11:18:35'),(212,24.9,'2022-02-07 11:18:38'),(213,0,'2022-02-07 11:18:42'),(214,0,'2022-02-07 11:18:45'),(215,0,'2022-02-07 11:18:48'),(216,0,'2022-02-07 11:18:51'),(217,24.9,'2022-02-07 11:20:31'),(218,24.9,'2022-02-07 11:20:34'),(219,24.9,'2022-02-07 11:20:38'),(220,24.9,'2022-02-07 11:20:41'),(221,24.9,'2022-02-07 11:20:44'),(222,24.9,'2022-02-07 11:20:47'),(223,24.9,'2022-02-07 11:20:50'),(224,24.9,'2022-02-07 11:20:53'),(225,24.9,'2022-02-07 11:20:56'),(226,24.9,'2022-02-07 11:21:19'),(227,24.9,'2022-02-07 11:21:22'),(228,0,'2022-02-07 11:21:25'),(229,0,'2022-02-07 11:21:28'),(230,0,'2022-02-07 11:21:31'),(231,24.9,'2022-02-07 11:21:34'),(232,24.9,'2022-02-07 11:21:37'),(233,24.9,'2022-02-07 11:21:41'),(234,25.26,'2022-02-07 12:04:33'),(235,25.26,'2022-02-07 12:04:36'),(236,25.26,'2022-02-07 12:04:39'),(237,25.17,'2022-02-07 12:04:42'),(238,25.17,'2022-02-07 12:04:45'),(239,25.17,'2022-02-07 12:04:48'),(240,25.26,'2022-02-07 12:04:51'),(241,0,'2022-02-07 12:04:54'),(242,0,'2022-02-07 12:04:57'),(243,0,'2022-02-07 12:05:00'),(244,0,'2022-02-07 12:05:03'),(245,0,'2022-02-07 12:05:07'),(246,0,'2022-02-07 12:05:10'),(247,21.82,'2022-02-11 08:12:44'),(248,21.82,'2022-02-11 08:12:47'),(249,21.82,'2022-02-11 08:12:51'),(250,21.82,'2022-02-11 08:12:54'),(251,21.82,'2022-02-11 08:12:57'),(252,21.91,'2022-02-11 08:13:00'),(253,21.91,'2022-02-11 08:13:03'),(254,21.91,'2022-02-11 08:13:06'),(255,21.91,'2022-02-11 08:13:09'),(256,21.91,'2022-02-11 08:13:13'),(257,21.91,'2022-02-11 08:13:28'),(258,0,'2022-02-11 08:13:31'),(259,0,'2022-02-11 08:13:34'),(260,0,'2022-02-11 08:13:37'),(261,0,'2022-02-11 08:13:40'),(262,0,'2022-02-11 08:13:43'),(263,0,'2022-02-11 08:13:46'),(264,0,'2022-02-11 08:13:49'),(265,0,'2022-02-11 08:13:53'),(266,0,'2022-02-11 08:13:56'),(267,0,'2022-02-11 08:13:59'),(268,0,'2022-02-11 08:14:02'),(269,0,'2022-02-11 08:14:05'),(270,0,'2022-02-11 08:14:08'),(271,0,'2022-02-11 08:14:11'),(272,0,'2022-02-11 08:14:14'),(273,0,'2022-02-11 08:14:17'),(274,0,'2022-02-11 08:14:20'),(275,0,'2022-02-11 08:14:23'),(276,0,'2022-02-11 08:14:27'),(277,22.09,'2022-02-11 08:14:30'),(278,22.09,'2022-02-11 08:14:33'),(279,22.09,'2022-02-11 08:14:36');
/*!40000 ALTER TABLE `afpa_temperatures` ENABLE KEYS */;
UNLOCK TABLES;
/*!40103 SET TIME_ZONE=@OLD_TIME_ZONE */;

/*!40101 SET SQL_MODE=@OLD_SQL_MODE */;
/*!40014 SET FOREIGN_KEY_CHECKS=@OLD_FOREIGN_KEY_CHECKS */;
/*!40014 SET UNIQUE_CHECKS=@OLD_UNIQUE_CHECKS */;
/*!40101 SET CHARACTER_SET_CLIENT=@OLD_CHARACTER_SET_CLIENT */;
/*!40101 SET CHARACTER_SET_RESULTS=@OLD_CHARACTER_SET_RESULTS */;
/*!40101 SET COLLATION_CONNECTION=@OLD_COLLATION_CONNECTION */;
/*!40111 SET SQL_NOTES=@OLD_SQL_NOTES */;

-- Dump completed on 2022-02-11  8:25:07
