-- MySQL dump 10.13  Distrib 5.7.31, for Win64 (x86_64)
--
-- Host: localhost    Database: gestionstocks
-- ------------------------------------------------------
-- Server version	5.7.31

/*!40101 SET @OLD_CHARACTER_SET_CLIENT=@@CHARACTER_SET_CLIENT */;
/*!40101 SET @OLD_CHARACTER_SET_RESULTS=@@CHARACTER_SET_RESULTS */;
/*!40101 SET @OLD_COLLATION_CONNECTION=@@COLLATION_CONNECTION */;
/*!40101 SET NAMES utf8 */;
/*!40103 SET @OLD_TIME_ZONE=@@TIME_ZONE */;
/*!40103 SET TIME_ZONE='+00:00' */;
/*!40014 SET @OLD_UNIQUE_CHECKS=@@UNIQUE_CHECKS, UNIQUE_CHECKS=0 */;
/*!40014 SET @OLD_FOREIGN_KEY_CHECKS=@@FOREIGN_KEY_CHECKS, FOREIGN_KEY_CHECKS=0 */;
/*!40101 SET @OLD_SQL_MODE=@@SQL_MODE, SQL_MODE='NO_AUTO_VALUE_ON_ZERO' */;
/*!40111 SET @OLD_SQL_NOTES=@@SQL_NOTES, SQL_NOTES=0 */;

--
-- Current Database: `gestionstocks`
--

CREATE DATABASE /*!32312 IF NOT EXISTS*/ `gestionstocks` /*!40100 DEFAULT CHARACTER SET utf8 */;

USE `gestionstocks`;

--
-- Table structure for table `articles`
--

DROP TABLE IF EXISTS `articles`;
/*!40101 SET @saved_cs_client     = @@character_set_client */;
/*!40101 SET character_set_client = utf8 */;
CREATE TABLE `articles` (
  `IdArticle` int(11) NOT NULL AUTO_INCREMENT,
  `LibelleArticle` varchar(100) NOT NULL,
  `QuantiteStockee` int(11) NOT NULL,
  `IdCategorie` int(11) NOT NULL,
  PRIMARY KEY (`IdArticle`),
  KEY `IdCategorie` (`IdCategorie`),
  CONSTRAINT `articles_ibfk_1` FOREIGN KEY (`IdCategorie`) REFERENCES `categories` (`IdCategorie`)
) ENGINE=InnoDB AUTO_INCREMENT=12 DEFAULT CHARSET=utf8;
/*!40101 SET character_set_client = @saved_cs_client */;

--
-- Dumping data for table `articles`
--

LOCK TABLES `articles` WRITE;
/*!40000 ALTER TABLE `articles` DISABLE KEYS */;
INSERT INTO `articles` VALUES (1,'Gomme',10,1),(2,'Crayon',12,1),(3,'Couette',20,2),(4,'Oreiller',30,2),(5,'Pates',60,4),(6,'Sel',300,4),(7,'Pomme',3,3),(8,'Poire',50,3),(9,'test',10,2),(10,'fefae',232,3),(11,'test',3,4);
/*!40000 ALTER TABLE `articles` ENABLE KEYS */;
UNLOCK TABLES;

--
-- Table structure for table `categories`
--

DROP TABLE IF EXISTS `categories`;
/*!40101 SET @saved_cs_client     = @@character_set_client */;
/*!40101 SET character_set_client = utf8 */;
CREATE TABLE `categories` (
  `IdCategorie` int(11) NOT NULL AUTO_INCREMENT,
  `LibelleCategorie` varchar(100) NOT NULL,
  `IdTypeProduit` int(11) NOT NULL,
  PRIMARY KEY (`IdCategorie`),
  KEY `IdTypeProduit` (`IdTypeProduit`),
  CONSTRAINT `categories_ibfk_1` FOREIGN KEY (`IdTypeProduit`) REFERENCES `typesproduits` (`IdTypeProduit`)
) ENGINE=InnoDB AUTO_INCREMENT=5 DEFAULT CHARSET=utf8;
/*!40101 SET character_set_client = @saved_cs_client */;

--
-- Dumping data for table `categories`
--

LOCK TABLES `categories` WRITE;
/*!40000 ALTER TABLE `categories` DISABLE KEYS */;
INSERT INTO `categories` VALUES (1,'Fourniture',2),(2,'Literie',2),(3,'Périssable',1),(4,'Non périssable',1);
/*!40000 ALTER TABLE `categories` ENABLE KEYS */;
UNLOCK TABLES;

--
-- Table structure for table `textes`
--

DROP TABLE IF EXISTS `textes`;
/*!40101 SET @saved_cs_client     = @@character_set_client */;
/*!40101 SET character_set_client = utf8 */;
CREATE TABLE `textes` (
  `idTexte` int(11) NOT NULL AUTO_INCREMENT,
  `codeTexte` varchar(50) NOT NULL,
  `fr` longtext NOT NULL,
  `en` longtext NOT NULL,
  PRIMARY KEY (`idTexte`)
) ENGINE=InnoDB AUTO_INCREMENT=20 DEFAULT CHARSET=utf8;
/*!40101 SET character_set_client = @saved_cs_client */;

--
-- Dumping data for table `textes`
--

LOCK TABLES `textes` WRITE;
/*!40000 ALTER TABLE `textes` DISABLE KEYS */;
INSERT INTO `textes` VALUES (1,'Bonjour','Bonjour','Hello'),(2,'Connexion','Connexion','Log in'),(3,'Deconnexion','Deconnexion','Log out'),(4,'Accueil','Accueil','Home'),(5,'AdresseEmail','Adresse email','Email address'),(6,'Mdp','Mot de passe','Password'),(7,'Inscription','Inscription','Registration'),(8,'Nom','Nom','Surname'),(9,'Prenom','Prenom','Name'),(10,'InfoMdpLegend','Veuillez saisir au moins','Please enter at least'),(11,'UneMajuscule','1 majuscule','1 uppercase'),(12,'UneMinuscule','1 minuscule','1 lowercase'),(13,'UnChiffre','1 chiffre','1 number'),(14,'UnCaractereSpecial','1 caractère spécial ( ! @ & # * ^ $ % +)','1 special character ( ! @ & # * ^ $ % +)'),(15,'MinimumCaractere','8 caractères','8 character'),(16,'Confirmation','Confirmation','Confirmation'),(17,'Reset','Réinitialisation','Reset'),(18,'inputDefault','Choisir une valeur','Choose a value'),(19,'Envoyer','Envoyer','Send');
/*!40000 ALTER TABLE `textes` ENABLE KEYS */;
UNLOCK TABLES;

--
-- Table structure for table `typesproduits`
--

DROP TABLE IF EXISTS `typesproduits`;
/*!40101 SET @saved_cs_client     = @@character_set_client */;
/*!40101 SET character_set_client = utf8 */;
CREATE TABLE `typesproduits` (
  `IdTypeProduit` int(11) NOT NULL AUTO_INCREMENT,
  `LibelleTypeProduit` varchar(100) DEFAULT NULL,
  PRIMARY KEY (`IdTypeProduit`)
) ENGINE=InnoDB AUTO_INCREMENT=3 DEFAULT CHARSET=utf8;
/*!40101 SET character_set_client = @saved_cs_client */;

--
-- Dumping data for table `typesproduits`
--

LOCK TABLES `typesproduits` WRITE;
/*!40000 ALTER TABLE `typesproduits` DISABLE KEYS */;
INSERT INTO `typesproduits` VALUES (1,'Alimentaire'),(2,'Non Alimentaire');
/*!40000 ALTER TABLE `typesproduits` ENABLE KEYS */;
UNLOCK TABLES;

--
-- Table structure for table `utilisateurs`
--

DROP TABLE IF EXISTS `utilisateurs`;
/*!40101 SET @saved_cs_client     = @@character_set_client */;
/*!40101 SET character_set_client = utf8 */;
CREATE TABLE `utilisateurs` (
  `idUtilisateur` int(11) NOT NULL AUTO_INCREMENT,
  `nom` varchar(50) NOT NULL,
  `prenom` varchar(50) NOT NULL,
  `adresseMail` varchar(50) NOT NULL,
  `motDePasse` varchar(50) NOT NULL,
  `role` int(11) NOT NULL COMMENT '2 Admin 1 User',
  PRIMARY KEY (`idUtilisateur`),
  UNIQUE KEY `adresseMail` (`adresseMail`)
) ENGINE=InnoDB DEFAULT CHARSET=utf8;
/*!40101 SET character_set_client = @saved_cs_client */;

--
-- Dumping data for table `utilisateurs`
--

LOCK TABLES `utilisateurs` WRITE;
/*!40000 ALTER TABLE `utilisateurs` DISABLE KEYS */;
/*!40000 ALTER TABLE `utilisateurs` ENABLE KEYS */;
UNLOCK TABLES;
/*!40103 SET TIME_ZONE=@OLD_TIME_ZONE */;

/*!40101 SET SQL_MODE=@OLD_SQL_MODE */;
/*!40014 SET FOREIGN_KEY_CHECKS=@OLD_FOREIGN_KEY_CHECKS */;
/*!40014 SET UNIQUE_CHECKS=@OLD_UNIQUE_CHECKS */;
/*!40101 SET CHARACTER_SET_CLIENT=@OLD_CHARACTER_SET_CLIENT */;
/*!40101 SET CHARACTER_SET_RESULTS=@OLD_CHARACTER_SET_RESULTS */;
/*!40101 SET COLLATION_CONNECTION=@OLD_COLLATION_CONNECTION */;
/*!40111 SET SQL_NOTES=@OLD_SQL_NOTES */;

-- Dump completed on 2022-02-11  8:25:08
